{
  "0.1": 9.32760012155782,
  "0.05": 10.87136237311018,
  "0.01": 14.32543026504958
}