{
  "0.1": 9.259544766889233,
  "0.05": 10.767032601962287,
  "0.02": 12.667019917526627,
  "0.01": 14.114945267075875,
  "0.005": 15.570623597883257,
  "0.001": 18.779670648429878
}